BookingReference,PassengerFirstName,PassengerLastName,FlightCode,CheckIn,CabinClass
DA-204416,Paul,Rodriguez,DA-4562,FALSE,0
DA-916630,Paul,Johnson,DA-4562,FALSE,1
BI-950556,Edward,Turner,BI-3892,FALSE,1
PA-235541,Cynthia,Ward,PA-5723,FALSE,1
DA-607839,Betty,James,DA-4562,FALSE,1
DA-939346,Benjamin,Washington,DA-4562,FALSE,1
PA-551319,Charles,Wilson,PA-5723,FALSE,1
DA-402507,Sharon,Brown,DA-4562,FALSE,1
PA-415890,Jessica,Evans,PA-5723,TRUE,1
DA-529332,Brenda,Rodriguez,DA-4562,FALSE,1
DA-272955,Alexander,Scott,DA-4562,FALSE,1
BI-746921,Raymond,Cox,BI-3892,FALSE,1
PA-498937,Brenda,Wilson,PA-5723,FALSE,1
DA-107627,Eric,Hall,DA-4562,FALSE,0
DA-991675,Helen,Jackson,DA-4562,FALSE,1
PA-241576,Mark,Johnson,PA-5723,FALSE,1
PA-703029,Joshua,Sanders,PA-5723,FALSE,1
DA-854855,Jack,Robinson,DA-4562,FALSE,1
BI-623880,Joshua,Wilson,BI-3892,FALSE,1
PA-516206,Pamela,Rodriguez,PA-5723,FALSE,1
BI-727627,Brandon,Morris,BI-3892,TRUE,1
BI-549398,Scott,Alexander,BI-3892,TRUE,1
BI-819044,Jeffrey,Miller,BI-3892,FALSE,1
DA-727480,Joshua,Walker,DA-4562,FALSE,1
BI-965542,Linda,Henderson,BI-3892,FALSE,1
BI-258588,Benjamin,Bailey,BI-3892,FALSE,1
PA-230962,Helen,White,PA-5723,FALSE,0
BI-466562,Jonathan,Reed,BI-3892,FALSE,1
BI-269464,Stephen,Carter,BI-3892,TRUE,1
PA-230032,Nicholas,Gonzalez,PA-5723,FALSE,1
DA-421323,Ashley,Washington,DA-4562,FALSE,1
PA-301361,Ashley,Smith,PA-5723,FALSE,1
BI-478940,Donna,Hughes,BI-3892,FALSE,1
DA-474546,Jonathan,Henderson,DA-4562,FALSE,1
DA-855087,Virginia,Hernandez,DA-4562,FALSE,1
PA-995264,Raymond,Taylor,PA-5723,FALSE,1
PA-230779,Stephen,Green,PA-5723,TRUE,1
PA-553417,Matthew,Carter,PA-5723,FALSE,1
PA-852405,Angela,Gray,PA-5723,TRUE,1
PA-368007,Joshua,Alexander,PA-5723,FALSE,0
BI-524457,Patricia,Alexander,BI-3892,FALSE,1
BI-188250,Janet,Bell,BI-3892,FALSE,1
PA-578369,Katherine,Washington,PA-5723,FALSE,1
PA-730344,Nancy,Gonzalez,PA-5723,FALSE,1
PA-870315,Thomas,Collins,PA-5723,FALSE,1
PA-287363,Emma,Brown,PA-5723,FALSE,1
DA-881617,Nancy,Scott,DA-4562,FALSE,1
BI-960820,Samuel,Barnes,BI-3892,TRUE,1
DA-759575,Helen,Martinez,DA-4562,FALSE,1
BI-135798,Gregory,Cooper,BI-3892,FALSE,1
BI-859892,George,Green,BI-3892,FALSE,1
PA-120796,Jeffrey,Rodriguez,PA-5723,FALSE,1
BI-619448,James,Thomas,BI-3892,FALSE,0
PA-604305,Eric,Bailey,PA-5723,FALSE,1
PA-608759,Pamela,Adams,PA-5723,TRUE,1
BI-991570,Shirley,Walker,BI-3892,FALSE,1
DA-467340,Carol,Torres,DA-4562,FALSE,1
DA-773723,Kathleen,Brown,DA-4562,FALSE,1
PA-194653,Cynthia,Martin,PA-5723,FALSE,1
BI-832478,Emma,Perry,BI-3892,FALSE,1
DA-676651,Kathleen,Henderson,DA-4562,FALSE,1
PA-364346,Helen,Edwards,PA-5723,FALSE,1
DA-439626,Mark,Cook,DA-4562,TRUE,1
BI-200574,Helen,Washington,BI-3892,TRUE,1
DA-619494,Timothy,Harris,DA-4562,FALSE,1
BI-251185,Michael,Allen,BI-3892,FALSE,0
DA-374396,Edward,Jenkins,DA-4562,FALSE,1
BI-815061,Christine,Barnes,BI-3892,FALSE,1
PA-952841,Mary,Jackson,PA-5723,FALSE,1
DA-495798,Larry,Nelson,DA-4562,FALSE,1
PA-971287,Mary,Jones,PA-5723,FALSE,1
BI-735125,Steven,Johnson,BI-3892,FALSE,1
PA-476446,Amy,Richardson,PA-5723,TRUE,1
PA-563119,Dennis,White,PA-5723,FALSE,1
PA-854778,Virginia,Lee,PA-5723,FALSE,1
PA-711271,Jessica,Gonzalez,PA-5723,FALSE,1
PA-259280,Sharon,Stewart,PA-5723,FALSE,1
DA-801165,Betty,Gray,DA-4562,FALSE,1
BI-938035,Nancy,Kelly,BI-3892,FALSE,0
BI-631287,Gary,Ross,BI-3892,FALSE,1
BI-512937,Nicole,Ward,BI-3892,TRUE,1
PA-161281,Kathleen,Turner,PA-5723,FALSE,1
PA-865259,David,Gray,PA-5723,FALSE,1
BI-170686,Barbara,Price,BI-3892,FALSE,1
DA-346232,Stephen,Scott,DA-4562,FALSE,1
BI-735164,Nicole,Martinez,BI-3892,FALSE,1
BI-710240,Daniel,Brown,BI-3892,FALSE,1
PA-184776,Brian,Flores,PA-5723,FALSE,1
DA-729042,Brandon,Long,DA-4562,FALSE,1
DA-699332,Scott,Miller,DA-4562,FALSE,1
DA-205229,Jack,Washington,DA-4562,FALSE,1
BI-328964,Lisa,Adams,BI-3892,FALSE,0
DA-971379,Timothy,Green,DA-4562,FALSE,1
DA-603025,Ashley,Allen,DA-4562,FALSE,1
PA-972135,Stephen,Taylor,PA-5723,FALSE,1
DA-107083,Dennis,Cox,DA-4562,FALSE,1
BI-477504,Sandra,Alexander,BI-3892,FALSE,1
BI-244262,Karen,Coleman,BI-3892,FALSE,1
DA-746599,Kevin,Edwards,DA-4562,FALSE,1
PA-317865,Donald,Peterson,PA-5723,FALSE,1
DA-215341,Ruth,Moore,DA-4562,FALSE,1
DA-537771,Cynthia,Kelly,DA-4562,TRUE,1
DA-765535,Amy,Nelson,DA-4562,FALSE,1
PA-711015,William,Hernandez,PA-5723,FALSE,1
PA-408310,Samuel,Parker,PA-5723,FALSE,0
BI-757960,Katherine,Adams,BI-3892,FALSE,1
DA-231979,Joshua,Wright,DA-4562,FALSE,1
PA-728185,Anna,Martinez,PA-5723,FALSE,1
DA-235404,Helen,Parker,DA-4562,FALSE,1
BI-949501,Matthew,White,BI-3892,FALSE,1
DA-281380,Barbara,James,DA-4562,FALSE,1
PA-949060,Christopher,Morgan,PA-5723,FALSE,1
PA-229613,Jacob,Foster,PA-5723,FALSE,1
PA-157245,Emily,Garcia,PA-5723,FALSE,1
PA-891604,Jason,Thompson,PA-5723,FALSE,1
BI-962568,Melissa,Turner,BI-3892,FALSE,1
BI-806192,Brenda,Foster,BI-3892,FALSE,1
BI-304169,Christopher,Lee,BI-3892,FALSE,0
BI-389281,Nicole,Turner,BI-3892,FALSE,1
DA-692013,Stephen,White,DA-4562,FALSE,1
DA-474012,Emily,White,DA-4562,FALSE,1
BI-383114,Jacob,Rogers,BI-3892,FALSE,1
BI-463655,Katherine,Barnes,BI-3892,FALSE,1
DA-549512,Brandon,Butler,DA-4562,FALSE,1
BI-258899,Samuel,Johnson,BI-3892,FALSE,1
PA-423047,Anthony,Flores,PA-5723,FALSE,1
PA-561926,Richard,Sanchez,PA-5723,FALSE,1
PA-557581,Virginia,Wilson,PA-5723,FALSE,1
BI-783536,Alexander,White,BI-3892,FALSE,1
DA-228261,David,Price,DA-4562,FALSE,1
BI-130485,Ryan,Young,BI-3892,FALSE,0
BI-624527,Matthew,Simmons,BI-3892,FALSE,1
DA-538442,Brenda,Murphy,DA-4562,FALSE,1
BI-771037,Janet,Gray,BI-3892,FALSE,1
DA-781010,Charles,Sanchez,DA-4562,FALSE,1
PA-425875,Jennifer,Wilson,PA-5723,FALSE,1
BI-471156,Rachel,Rodriguez,BI-3892,FALSE,1
PA-977336,Samuel,Martin,PA-5723,FALSE,1
BI-249879,Samantha,Robinson,BI-3892,FALSE,1
BI-225332,Mark,Smith,BI-3892,FALSE,1
BI-622210,Amy,Perez,BI-3892,FALSE,1
PA-563974,Rachel,Morris,PA-5723,FALSE,1
DA-901418,Brian,Richardson,DA-4562,FALSE,1
PA-904399,Steven,Foster,PA-5723,FALSE,0
PA-600521,Christopher,Watson,PA-5723,FALSE,1
DA-403741,Michael,Williams,DA-4562,FALSE,1
PA-393520,Dennis,Turner,PA-5723,FALSE,1
BI-333168,Emma,Roberts,BI-3892,FALSE,1
DA-780579,Joshua,Richardson,DA-4562,FALSE,1
DA-873070,Alexander,Gonzales,DA-4562,FALSE,1
DA-274015,Jonathan,Wright,DA-4562,TRUE,1
PA-733237,Jason,Anderson,PA-5723,FALSE,1
BI-285614,Robert,Wood,BI-3892,FALSE,1
DA-998561,Thomas,Brown,DA-4562,FALSE,1
DA-310542,Ruth,Sanchez,DA-4562,FALSE,1
DA-329150,Robert,Bennett,DA-4562,FALSE,1
PA-906736,Nicholas,Collins,PA-5723,FALSE,0
BI-523793,Nicole,Hernandez,BI-3892,FALSE,1
BI-218859,Justin,Hall,BI-3892,FALSE,1
DA-708759,Linda,Ramirez,DA-4562,FALSE,1
BI-635961,Janet,King,BI-3892,FALSE,1
DA-399651,Gregory,Allen,DA-4562,FALSE,1
DA-898025,Charles,Hughes,DA-4562,FALSE,1
DA-537628,Anna,Jackson,DA-4562,FALSE,1
BI-872101,Mark,Gonzalez,BI-3892,FALSE,1
BI-594241,Deborah,Jackson,BI-3892,FALSE,1
PA-471284,Edward,White,PA-5723,TRUE,1
DA-335052,Sharon,Clark,DA-4562,FALSE,1
BI-497596,Robert,Hughes,BI-3892,FALSE,1
PA-655252,Catherine,Carter,PA-5723,FALSE,0
BI-790658,Barbara,Washington,BI-3892,FALSE,1
DA-268170,Jeffrey,Peterson,DA-4562,TRUE,1
DA-256119,Robert,Watson,DA-4562,FALSE,1
PA-115102,Ruth,Thomas,PA-5723,FALSE,1
BI-746983,Kevin,Clark,BI-3892,FALSE,1
PA-797645,Anna,Edwards,PA-5723,FALSE,1
BI-680096,Nicole,Brown,BI-3892,FALSE,1
DA-444502,Pamela,Sanchez,DA-4562,FALSE,1
PA-618213,Sandra,Walker,PA-5723,FALSE,1
BI-979912,Linda,Allen,BI-3892,FALSE,1
BI-222070,Richard,Jackson,BI-3892,FALSE,1
PA-274781,Jonathan,Simmons,PA-5723,FALSE,1
BI-943838,Brian,Smith,BI-3892,FALSE,0
PA-408532,Kathleen,Adams,PA-5723,FALSE,1
PA-540333,John,Washington,PA-5723,FALSE,1
DA-848542,Timothy,Taylor,DA-4562,FALSE,1
PA-394855,Ryan,Bennett,PA-5723,FALSE,1
PA-521882,Jonathan,Campbell,PA-5723,FALSE,1
PA-889614,Donald,Reed,PA-5723,FALSE,1
BI-430244,Betty,Rivera,BI-3892,FALSE,1
BI-240282,Richard,Smith,BI-3892,FALSE,1
DA-939549,Sarah,Bennett,DA-4562,FALSE,1
PA-709599,Jacob,Martinez,PA-5723,FALSE,1
DA-379028,Edward,Jenkins,DA-4562,FALSE,1
PA-221992,Amanda,Wilson,PA-5723,FALSE,1
PA-378181,Brenda,Taylor,PA-5723,FALSE,0
DA-357345,Raymond,Evans,DA-4562,TRUE,1
BI-559530,Jeffrey,Morris,BI-3892,FALSE,1
BI-111657,Michelle,Flores,BI-3892,FALSE,1
BI-118982,Carol,Cook,BI-3892,FALSE,1
PA-100114,Andrew,Lee,PA-5723,FALSE,1
PA-849071,Gregory,Cooper,PA-5723,FALSE,1
DA-870417,Justin,Long,DA-4562,FALSE,1
BI-360080,Sharon,Evans,BI-3892,FALSE,1
BI-554702,Betty,Price,BI-3892,FALSE,1
DA-755512,Steven,Brooks,DA-4562,FALSE,1
PA-645793,Lisa,Jackson,PA-5723,FALSE,1
PA-586833,Larry,Carter,PA-5723,FALSE,1
DA-447095,Betty,Washington,DA-4562,FALSE,0
PA-604219,Lisa,Bell,PA-5723,FALSE,1
DA-526550,Anna,Foster,DA-4562,FALSE,1
PA-625541,Brenda,Henderson,PA-5723,FALSE,1
BI-873453,Timothy,Roberts,BI-3892,TRUE,1
DA-293932,Samantha,Torres,DA-4562,FALSE,1
BI-953026,Ryan,Patterson,BI-3892,FALSE,1
PA-950302,Robert,Harris,PA-5723,FALSE,1
BI-243323,Benjamin,Long,BI-3892,FALSE,1
BI-255765,John,Lewis,BI-3892,FALSE,1
DA-544085,Samuel,Rivera,DA-4562,TRUE,1
DA-313807,Scott,Henderson,DA-4562,FALSE,1
PA-716496,Carol,Powell,PA-5723,FALSE,1
BI-771698,Brenda,Price,BI-3892,TRUE,0
DA-616343,Amanda,Anderson,DA-4562,FALSE,1
BI-550323,Rachel,Edwards,BI-3892,FALSE,1
DA-338727,Michael,Thompson,DA-4562,FALSE,1
BI-569867,John,Perez,BI-3892,TRUE,1
DA-482261,Nancy,Henderson,DA-4562,FALSE,1
DA-984348,Justin,Miller,DA-4562,TRUE,1
DA-621475,Robert,Murphy,DA-4562,FALSE,1
BI-466251,Laura,Edwards,BI-3892,FALSE,1
BI-714997,Thomas,Hall,BI-3892,FALSE,1
BI-595734,Patrick,Gonzalez,BI-3892,FALSE,1
BI-832090,Edward,Washington,BI-3892,FALSE,1
DA-852862,Deborah,James,DA-4562,FALSE,1
DA-521447,Kathleen,Thomas,DA-4562,FALSE,0
PA-745530,Linda,Walker,PA-5723,FALSE,1
DA-905261,Virginia,Simmons,DA-4562,FALSE,1
PA-740392,Pamela,Cox,PA-5723,FALSE,1
BI-963418,Pamela,Roberts,BI-3892,TRUE,1
PA-752239,Kevin,Reed,PA-5723,TRUE,1
BI-327024,Stephanie,Anderson,BI-3892,FALSE,1
DA-953473,Brandon,Gonzalez,DA-4562,FALSE,1
DA-905608,Kevin,Simmons,DA-4562,FALSE,1
BI-379163,Linda,Howard,BI-3892,FALSE,1
PA-658444,Carol,Rivera,PA-5723,FALSE,1
DA-620174,Carol,Moore,DA-4562,FALSE,1
DA-945327,Jonathan,Williams,DA-4562,FALSE,1
PA-720616,Susan,Cooper,PA-5723,FALSE,0
PA-134014,Robert,Miller,PA-5723,FALSE,1
DA-347353,Donna,Smith,DA-4562,FALSE,1
DA-410429,Samuel,Brooks,DA-4562,FALSE,1
BI-979154,Eric,Turner,BI-3892,FALSE,1
BI-534395,Christopher,Harris,BI-3892,FALSE,1
PA-588529,Anthony,Bryant,PA-5723,FALSE,1
PA-896326,Alexander,Cooper,PA-5723,FALSE,1
PA-771950,Larry,Miller,PA-5723,FALSE,1
BI-698035,Rebecca,Rivera,BI-3892,FALSE,1
PA-492445,Sarah,Garcia,PA-5723,FALSE,1
DA-685460,Linda,Patterson,DA-4562,FALSE,1
PA-948597,Larry,Cook,PA-5723,TRUE,1
DA-934543,Steven,Phillips,DA-4562,FALSE,0
BI-983866,Stephanie,Clark,BI-3892,FALSE,1
DA-964188,Ashley,Stewart,DA-4562,FALSE,1
PA-631375,Barbara,Jenkins,PA-5723,TRUE,1
DA-553304,Patrick,Green,DA-4562,FALSE,1
DA-959412,Stephanie,Lewis,DA-4562,FALSE,1
BI-605065,Jack,Richardson,BI-3892,FALSE,1
BI-779899,Joshua,Jenkins,BI-3892,FALSE,1
DA-566485,Nicole,Allen,DA-4562,FALSE,1
PA-385250,Pamela,Green,PA-5723,TRUE,1
PA-496087,Anthony,Perry,PA-5723,FALSE,1
DA-339803,Jessica,Thompson,DA-4562,TRUE,1
PA-521808,Paul,Murphy,PA-5723,FALSE,1
BI-901500,Deborah,Harris,BI-3892,FALSE,0
PA-976158,Mark,Morgan,PA-5723,FALSE,1
BI-672061,Linda,Cox,BI-3892,FALSE,1
DA-304694,William,Nelson,DA-4562,FALSE,1
BI-863254,Stephanie,Smith,BI-3892,FALSE,1
BI-401352,Alexander,Roberts,BI-3892,FALSE,1
PA-595525,Mark,Gray,PA-5723,FALSE,1
BI-143193,Samantha,Henderson,BI-3892,FALSE,1
DA-569695,Emma,Simmons,DA-4562,FALSE,1
PA-883841,Pamela,Clark,PA-5723,FALSE,1
BI-104695,Elizabeth,Jenkins,BI-3892,FALSE,1
BI-596051,Timothy,Anderson,BI-3892,FALSE,1
PA-298099,Rebecca,Watson,PA-5723,FALSE,1
DA-855946,Susan,Foster,DA-4562,FALSE,0
BI-486273,Margaret,Williams,BI-3892,FALSE,1
BI-412681,Daniel,Washington,BI-3892,TRUE,1
PA-625309,Mary,Lopez,PA-5723,FALSE,1
DA-901418,Charles,Foster,DA-4562,FALSE,1
DA-864038,William,Thompson,DA-4562,FALSE,1
DA-481513,Dennis,Watson,DA-4562,FALSE,1
DA-203753,Nicole,Long,DA-4562,FALSE,1
PA-644513,Larry,Taylor,PA-5723,FALSE,1
PA-977413,Joshua,Garcia,PA-5723,TRUE,1
DA-785137,Laura,Long,DA-4562,FALSE,1
PA-676262,Mark,Johnson,PA-5723,FALSE,1
PA-994938,Rachel,Sanchez,PA-5723,FALSE,1
DA-818472,Sharon,Coleman,DA-4562,FALSE,0
